area,storage_capacity,residence_time,runoff_fraction,melting_rate,NSE,KGE,RMSE,Bias,PBias,MeanAbsErr,MaxAbsDiff,MaxPeakDiff
164169.87208959606,22.215813132243746,9.562490462119687,0.0824825108808174,2.7301132809220916,-62.07978937633909,-3.0631860639823394,1289.6363802036801,1175.8841544962943,-323.9523402895849,1175.8841544962943,2135.3609197422356,1554.6685586311246
164169.87208959606,22.215813132243746,9.562490462119687,0.0824825108808174,2.7301132809220916,-61.92647031498622,-3.057742301041597,1288.0681589596118,1174.459819366649,-323.55994049676434,1174.459819366649,2132.6000681582173,1551.9077070471062
164169.87208959606,22.215813132243746,9.562490462119687,0.0824825108808174,2.7301132809220916,-61.789343657103686,-3.0528681985817956,1286.6639421716345,1173.184434464487,-323.20857601732524,1173.184434464487,2130.1279333676903,1549.4355722565792
164169.87208959606,22.215813132243746,9.562490462119687,0.0824825108808174,2.7301132809220916,-61.666684557372065,-3.0485041101387127,1285.4065776022062,1172.0424232798953,-322.8939555723854,1172.0424232798953,2127.914322734685,1547.2219616235739
164169.87208959606,22.215813132243746,9.562490462119687,0.0824825108808174,2.7301132809220916,-61.55695479443317,-3.044596641260977,1284.2807069912217,1171.0198382206547,-322.6122366447005,1171.0198382206547,2125.932201026221,1545.2398399151098
