area,storage_capacity,residence_time,runoff_fraction,RMSE
195442.53211699068,28.370880090864535,49.52561783922616,0.0760662592350781,266.2109808007019
