area,storage_capacity,residence_time,runoff_fraction,melting_rate,NSE,KGE,RMSE,Bias,PBias,MeanAbsErr,MaxAbsDiff,MaxPeakDiff
138092.08987516063,22.654924488077523,10.99669568653207,0.0953173642536578,3.341537330744357,0.546790422292179,0.5572113306551534,109.31297105191304,52.381357905035124,-14.430897309056238,87.85251577639174,242.47735178534543,-136.55247610448282
136683.0596842669,22.405674817644236,10.984368893926236,0.09257314650007621,3.2710153607527492,-0.09009512810676013,0.46411890427421465,169.53304324588746,129.60464537690967,-35.705667111601414,138.00365375870405,358.03146131304584,-42.26354218151414
