area,storage_capacity,residence_time,runoff_fraction,melting_rate,NSE,KGE,RMSE,Bias,PBias,MeanAbsErr,MaxAbsDiff,MaxPeakDiff
149722.24420131568,21.20623911135062,10.939977341557627,0.08157771964038012,2.8876220920985807,-46.17323094549026,-2.36713307838825,1115.2441913625794,1033.416029562486,-284.70282552021,1033.416029562486,1806.6466237814566,1240.5120436032223
149722.24420131568,21.20623911135062,10.939977341557627,0.08157771964038012,2.8876220920985807,-46.9133174708232,-2.39586051459924,1123.9585093859198,1041.5125865081732,-286.93340117752615,1041.5125865081732,1821.2044047143334,1253.7391288245483
149722.24420131568,21.20623911135062,10.939977341557627,0.08157771964038012,2.8876220920985807,-47.59078047535661,-2.4219771551421863,1131.8766378277019,1048.8690544488375,-288.9600846705649,1048.8690544488375,1834.4314899356593,1265.7571543916938
149722.24420131568,21.20623911135062,10.939977341557627,0.08157771964038012,2.8876220920985807,-48.21046736724493,-2.4457188131695746,1139.0712841913012,1055.5530833422358,-290.80151334727606,1055.5530833422358,1846.4495155028048,1276.676637869406
149722.24420131568,21.20623911135062,10.939977341557627,0.08157771964038012,2.8876220920985807,-48.776935443193004,-2.4673002930297034,1145.608523952411,1061.6261394077465,-292.4746209553761,1061.6261394077465,1857.368998980517,1286.5979946475104
