area,storage_capacity,residence_time,runoff_fraction,melting_rate,NSE,KGE,RMSE,Bias,PBias,MeanAbsErr,MaxAbsDiff,MaxPeakDiff
161408.68324958038,21.15177215396519,10.113454826798668,0.09236656928381404,3.253714233023933,-58.14980417145646,-2.8696999189693266,1248.8170348905014,1147.5907674699768,-316.15760225621034,1147.5907674699768,2043.2563798784913,1467.4547703243406
161408.68324958038,21.15177215396519,10.113454826798668,0.09236656928381404,3.253714233023933,-58.41923316344078,-2.879363806544123,1251.6580014418585,1150.1965306819088,-316.8754817237739,1150.1965306819088,2048.1471314354517,1471.8619332717976
161408.68324958038,21.15177215396519,10.113454826798668,0.09236656928381404,3.253714233023933,-58.66254843872271,-2.888073440297399,1254.218084764078,1152.5446407716834,-317.5223785766069,1152.5446407716834,2052.5542943829087,1475.833323971005
161408.68324958038,21.15177215396519,10.113454826798668,0.09236656928381404,3.253714233023933,-58.88223302176724,-2.8959229269875304,1256.525052990894,1154.6605740109164,-318.1053114464183,1154.6605740109164,2056.525685082116,1479.4120307884696
161408.68324958038,21.15177215396519,10.113454826798668,0.09236656928381404,3.253714233023933,-59.08054303989903,-2.9029971162489336,1258.6039295860676,1156.567287623872,-318.63060497539135,1156.567287623872,2060.1043918995806,1482.6368815914711
